rows,database_path,devices_loaded,loader_seconds,loader_rows_per_second,alerts_processed,supplemental_index_build_seconds,final_database_mb
10000,outputs\w04_query_benchmarks\week4_real_schema_10000_1784719025904749600.db,1,0.2644793999934336,37810.128124338895,662,0.0352565999928629,5.787648
100000,outputs\w04_query_benchmarks\week4_real_schema_100000_1784719026422790600.db,10,4.68736850003188,21333.93182108893,6620,0.2919259000045713,57.933824
1000000,outputs\w04_query_benchmarks\week4_real_schema_1000000_1784719032704747700.db,100,170.95996619992366,5849.3226351634985,66200,4.813463200000115,579.465216
